{"cameraMode":{"drawMode":0,"name":"Shaded","section":"Shading Mode"},"sceneLighting":true,"audioPlay":false,"sceneViewState":{"m_AlwaysRefresh":false,"showFog":true,"showSkybox":true,"showFlares":true,"showImageEffects":true,"showParticleSystems":true,"showVisualEffectGraphs":true,"m_FxEnabled":false},"in2DMode":false,"pivot":{"x":1142.3887939453125,"y":923.8241577148438,"z":46.03303146362305},"rotation":{"x":0.03479280695319176,"y":0.007794221863150597,"z":-0.0002715167065616697,"w":0.99937903881073},"size":1209.7562255859375,"orthographic":true}